,Name,First Name,Last Name,Gender,Gender Probability,Country,Country Probability
0,Alexis Jones,Alexis,Jones,Male,0.859,United States,0.492
1,Peter Hobbs,Peter,Hobbs,Male,0.988,United Kingdom,0.468
2,Joshua Cortez,Joshua,Cortez,Male,0.987,United States,0.355
3,Donna Fischer,Donna,Fischer,Female,0.992,Germany,0.52
4,Jared Moore,Jared,Moore,Male,0.982,United States,0.583
5,Amanda Johnson,Amanda,Johnson,Female,0.987,United States,0.646
6,Catherine Perry,Catherine,Perry,Female,0.994,United States,0.556
7,Melissa Simmons,Melissa,Simmons,Female,0.992,United States,0.72
8,Angela Hendrix,Angela,Hendrix,Female,0.992,United States,0.574
9,Shane Jones,Shane,Jones,Male,0.92,United States,0.492
10,Meghan Graham,Meghan,Graham,Female,0.992,United Kingdom,0.41
11,Timothy Sanchez,Timothy,Sanchez,Male,0.988,United States,0.251
12,Julia Ball,Julia,Ball,Female,0.989,United Kingdom,0.487
13,Matthew Wright,Matthew,Wright,Male,0.993,United States,0.458
14,Luis Shaw,Luis,Shaw,Male,0.992,United Kingdom,0.435
15,Sean Wells,Sean,Wells,Male,0.989,United States,0.566
16,Jessica Williams,Jessica,Williams,Female,0.992,United States,0.511
17,Loretta Nguyen,Loretta,Nguyen,Female,0.996,United States,0.467
18,Duane Case,Duane,Case,Male,0.981,United States,0.56
19,Tiffany Galloway,Tiffany,Galloway,Female,0.992,United States,0.527
20,Matthew Gray,Matthew,Gray,Male,0.993,United States,0.466
21,Edward Murphy,Edward,Murphy,Male,0.988,Ireland,0.332
22,Walter Fleming,Walter,Fleming,Male,0.993,United States,0.438
23,Mark Osborn,Mark,Osborn,Male,0.989,United States,0.583
24,Robert Strong,Robert,Strong,Male,0.992,United States,0.545
25,Bethany Freeman,Bethany,Freeman,Female,0.995,United States,0.559
26,Michelle Williams,Michelle,Williams,Female,0.988,United States,0.511
27,Heather King,Heather,King,Female,0.996,United States,0.283
28,Courtney Small,Courtney,Small,Female,0.89,United States,0.332
29,Jordan Montgomery,Jordan,Montgomery,Male,0.893,United States,0.664
30,Cindy Long,Cindy,Long,Female,0.991,United States,0.44
31,Michael Tucker,Michael,Tucker,Male,0.992,United States,0.657
32,Samantha Mcconnell MD,Samantha,Mcconnell,Female,0.981,United States,0.445
33,Terri Sandoval,Terri,Sandoval,Female,0.975,United States,0.257
34,Monica Cochran DVM,Monica,Cochran,Female,0.992,United States,0.908
35,Stephanie Roberts,Stephanie,Roberts,Female,0.995,United Kingdom,0.48
36,Deanna Tran,Deanna,Tran,Female,0.996,United States,0.491
37,Nichole Gibson,Nichole,Gibson,Female,0.989,United States,0.436
38,Emily Hill,Emily,Hill,Female,0.991,United States,0.524
39,Jeffrey Tucker,Jeffrey,Tucker,Male,0.992,United States,0.657
40,Alexandra Perez,Alexandra,Perez,Female,0.99,United States,0.269
41,David Ramos,David,Ramos,Male,0.991,United States,0.262
42,Brenda Potter,Brenda,Potter,Female,0.989,United Kingdom,0.46
43,Eric Brown Jr.,Eric,Brown,Male,0.992,United States,0.515
44,Patrick Quinn,Patrick,Quinn,Male,0.99,United Kingdom,0.386
45,Lynn Lewis,Lynn,Lewis,Female,0.948,United States,0.518
46,Mark Wood,Mark,Wood,Male,0.989,United Kingdom,0.522
47,William Cox,William,Cox,Male,0.99,United States,0.393
48,Thomas Wilson,Thomas,Wilson,Male,0.992,United States,0.47
49,Kathy Shaffer,Kathy,Shaffer,Female,0.994,United States,0.948
50,James Morton Jr.,James,Morton,Male,0.982,United Kingdom,0.464
51,Aaron Jones,Aaron,Jones,Male,0.989,United States,0.492
52,Mary Freeman,Mary,Freeman,Female,0.985,United States,0.559
53,Matthew Bell,Matthew,Bell,Male,0.993,United States,0.429
54,Sharon Walker,Sharon,Walker,Female,0.967,United States,0.478
55,Sean Mcdonald,Sean,Mcdonald,Male,0.989,United States,0.448
56,Mia Nelson,Mia,Nelson,Female,0.948,United States,0.594
57,Edward Wu,Edward,Wu,Male,0.988,Hong Kong,0.257
58,Luis Johnson,Luis,Johnson,Male,0.992,United States,0.646
59,Samuel Daniels,Samuel,Daniels,Male,0.982,United States,0.349
60,Anna Escobar,Anna,Escobar,Female,0.99,Colombia,0.337
61,Jeremy Maxwell,Jeremy,Maxwell,Male,0.992,United States,0.345
62,Chelsea Smith,Chelsea,Smith,Female,0.972,United States,0.465
63,Andrew Wilson,Andrew,Wilson,Male,0.991,United States,0.47
64,Emily Stout,Emily,Stout,Female,0.991,United States,0.627
65,Mr. Christopher Bryan,Christopher,Bryan,Male,0.991,United States,0.396
66,Jordan Guerra,Jordan,Guerra,Male,0.893,United States,0.203
67,Jessica Sullivan,Jessica,Sullivan,Female,0.992,United States,0.62
68,Christine Lee,Christine,Lee,Female,0.994,Malaysia,0.271
69,Catherine Taylor,Catherine,Taylor,Female,0.994,United Kingdom,0.446
70,Timothy Boone,Timothy,Boone,Male,0.988,United States,0.643
71,Robert Gibbs,Robert,Gibbs,Male,0.992,United States,0.458
72,Robert Murray,Robert,Murray,Male,0.992,United Kingdom,0.388
73,Lauren Moore,Lauren,Moore,Female,0.985,United States,0.583
74,Crystal Cole,Crystal,Cole,Female,0.976,United States,0.52
75,Marco Arnold,Marco,Arnold,Male,0.994,United States,0.397
76,David Smith,David,Smith,Male,0.991,United States,0.465
77,Chelsea Jones,Chelsea,Jones,Female,0.972,United States,0.492
78,Phillip Watkins,Phillip,Watkins,Male,0.99,United States,0.56
79,Jeremiah Brown,Jeremiah,Brown,Male,0.977,United States,0.515
80,Melissa Carter,Melissa,Carter,Female,0.992,United States,0.554
81,Melanie Jones,Melanie,Jones,Female,0.993,United States,0.492
82,Lucas Weber,Lucas,Weber,Male,0.987,Germany,0.413
83,Valerie Tran,Valerie,Tran,Female,0.991,United States,0.491
84,Betty Ortiz,Betty,Ortiz,Female,0.988,Colombia,0.324
85,Sarah Pearson,Sarah,Pearson,Female,0.988,United Kingdom,0.511
86,Brian Nelson,Brian,Nelson,Male,0.994,United States,0.594
87,Phillip Walker,Phillip,Walker,Male,0.99,United States,0.478
88,Danielle Black,Danielle,Black,Female,0.99,United States,0.416
89,Jody Harris,Jody,Harris,Female,0.688,United States,0.583
90,Juan Tran,Juan,Tran,Male,0.987,United States,0.491
91,Rodney George,Rodney,George,Male,0.99,United States,0.207
92,Ross Kaufman,Ross,Kaufman,Male,0.769,United States,0.634
93,Karen Moore,Karen,Moore,Female,0.981,United States,0.583
94,Diane Woodward,Diane,Woodward,Female,0.99,United Kingdom,0.624
95,Lauren Williams,Lauren,Williams,Female,0.985,United States,0.511
96,Michael Gallegos,Michael,Gallegos,Male,0.992,Mexico,0.408
97,Megan Smith,Megan,Smith,Female,0.991,United States,0.465
98,Sean Fowler,Sean,Fowler,Male,0.989,United States,0.525
99,Jessica Mcclain,Jessica,Mcclain,Female,0.992,United States,0.955
100,Cynthia Phelps,Cynthia,Phelps,Female,0.991,United States,0.699
101,Rebecca Harris,Rebecca,Harris,Female,0.993,United States,0.583
102,Michael Brown,Michael,Brown,Male,0.992,United States,0.515
103,Carol Brown,Carol,Brown,Female,0.982,United States,0.515
104,Mr. Vincent Hensley,Vincent,Hensley,Male,0.99,United States,0.915
105,Sarah Montgomery,Sarah,Montgomery,Female,0.988,United States,0.664
106,Natalie Delgado,Natalie,Delgado,Female,0.995,United States,0.244
107,Brittany Lucero,Brittany,Lucero,Female,0.994,United States,0.296
108,Susan Parrish,Susan,Parrish,Female,0.986,United States,0.773
109,Meghan Stevens,Meghan,Stevens,Female,0.992,United States,0.369
110,Angela Tapia,Angela,Tapia,Female,0.992,Chile,0.301
111,Tammy Nunez,Tammy,Nunez,Female,0.973,United States,0.812
112,Lucas Rivers,Lucas,Rivers,Male,0.987,United States,0.653
113,Tyler Weiss,Tyler,Weiss,Male,0.957,United States,0.298
114,Sandra Sullivan PhD,Sandra,Sullivan,Female,0.991,United States,0.62
115,Taylor James,Taylor,James,Female,0.607,United States,0.304
116,Crystal Hall,Crystal,Hall,Female,0.976,United States,0.496
117,Thomas Conner,Thomas,Conner,Male,0.992,United States,0.83
118,Victoria Adams,Victoria,Adams,Female,0.989,United States,0.381
119,Andrew Kramer,Andrew,Kramer,Male,0.991,United States,0.334
120,Sandra Williams,Sandra,Williams,Female,0.991,United States,0.511
121,Edward Holt,Edward,Holt,Male,0.988,United States,0.499
122,Dawn Mccormick,Dawn,Mccormick,Female,0.985,United States,0.522
123,Miguel Wiggins,Miguel,Wiggins,Male,0.992,United States,0.721
124,Jane Miranda,Jane,Miranda,Female,0.963,United States,0.193
125,Scott Robinson,Scott,Robinson,Male,0.993,United States,0.496
126,Thomas Acosta,Thomas,Acosta,Male,0.992,Colombia,0.323
127,Jason Roberts,Jason,Roberts,Male,0.992,United Kingdom,0.48
128,Amy Torres,Amy,Torres,Female,0.97,Colombia,0.274
129,Dr. Charles Jenkins,Charles,Jenkins,Male,0.984,United States,0.557
130,Dawn Alvarez,Dawn,Alvarez,Female,0.985,Colombia,0.264
131,Jennifer Clark,Jennifer,Clark,Female,0.993,United States,0.539
132,Mark Ponce,Mark,Ponce,Male,0.989,Mexico,0.276
133,Amy Briggs,Amy,Briggs,Female,0.97,United Kingdom,0.415
134,Julie Johnson,Julie,Johnson,Female,0.991,United States,0.646
135,Glen Stone,Glen,Stone,Male,0.944,United States,0.475
136,Omar Hughes,Omar,Hughes,Male,0.971,United Kingdom,0.574
137,Sarah Diaz,Sarah,Diaz,Female,0.988,Colombia,0.297
138,Teresa Cook,Teresa,Cook,Female,0.993,United States,0.5
139,Emily Cole,Emily,Cole,Female,0.991,United States,0.52
140,Kimberly Sullivan,Kimberly,Sullivan,Female,0.99,United States,0.62
141,Renee Graham PhD,Renee,Graham,Female,0.951,United Kingdom,0.41
142,Kevin Washington,Kevin,Washington,Male,0.992,United States,0.901
143,Scott Murphy,Scott,Murphy,Male,0.993,Ireland,0.332
144,Dana Gomez,Dana,Gomez,Female,0.892,Colombia,0.362
145,Michael Black,Michael,Black,Male,0.992,United States,0.416
146,Jonathan Bradshaw,Jonathan,Bradshaw,Male,0.993,United Kingdom,0.482
147,William Butler,William,Butler,Male,0.99,United States,0.498
148,Crystal Jackson,Crystal,Jackson,Female,0.976,United States,0.587
149,Corey Soto,Corey,Soto,Male,0.953,United States,0.234
150,Jerry Baker,Jerry,Baker,Male,0.969,United States,0.462
151,James Smith,James,Smith,Male,0.982,United States,0.465
152,Carolyn Thomas,Carolyn,Thomas,Female,0.996,United States,0.391
153,Dennis Jones,Dennis,Jones,Male,0.967,United States,0.492
154,Paul Warren,Paul,Warren,Male,0.99,United States,0.546
155,Kelly Perez,Kelly,Perez,Female,0.922,United States,0.269
156,Crystal Moore,Crystal,Moore,Female,0.976,United States,0.583
157,Brad Collins,Brad,Collins,Male,0.993,United States,0.41
158,Carla Williams,Carla,Williams,Female,0.99,United States,0.511
159,Erin Peterson,Erin,Peterson,Female,0.958,United States,0.77
160,Christina Blackwell,Christina,Blackwell,Female,0.993,United States,0.587
161,Robyn Allison,Robyn,Allison,Female,0.956,United States,0.428
162,Lindsey Wheeler DVM,Lindsey,Wheeler,Female,0.975,United States,0.537
163,Sarah Duran,Sarah,Duran,Female,0.988,Colombia,0.224
164,Gabriel Rangel,Gabriel,Rangel,Male,0.987,Mexico,0.378
165,Haley Morales,Haley,Morales,Female,0.982,United States,0.247
166,Jeremy Brown,Jeremy,Brown,Male,0.992,United States,0.515
167,George Hoffman MD,George,Hoffman,Male,0.982,United States,0.629
168,Anthony Mcguire,Anthony,Mcguire,Male,0.99,United States,0.523
169,Jason Foster,Jason,Foster,Male,0.992,United States,0.469
170,Howard Lucas,Howard,Lucas,Male,0.987,Brazil,0.217
171,Ryan Gregory,Ryan,Gregory,Male,0.979,United Kingdom,0.425
172,Laura Peters,Laura,Peters,Female,0.993,Netherlands,0.221
173,Tonya Fox,Tonya,Fox,Female,0.991,United States,0.322
174,Cynthia Atkinson,Cynthia,Atkinson,Female,0.991,United Kingdom,0.596
175,Lisa Farmer,Lisa,Farmer,Female,0.99,United States,0.44
176,Mrs. Rachel Burch MD,Rachel,Burch,Female,0.992,United States,0.685
177,Timothy Moore,Timothy,Moore,Male,0.988,United States,0.583
178,Ryan Rodriguez,Ryan,Rodriguez,Male,0.979,United States,0.289
179,Colleen Haynes,Colleen,Haynes,Female,0.993,United States,0.578
180,Michael Morris,Michael,Morris,Male,0.992,United States,0.406
181,Ryan Johnson,Ryan,Johnson,Male,0.979,United States,0.646
182,Mrs. Tina Blair,Tina,Blair,Female,0.986,United States,0.53
183,David Espinoza,David,Espinoza,Male,0.991,Mexico,0.227
184,Crystal House,Crystal,House,Female,0.976,United States,0.401
185,Kim Scott,Kim,Scott,Female,0.799,United States,0.478
186,Johnathan Brown,Johnathan,Brown,Male,0.992,United States,0.515
187,Nancy Perez,Nancy,Perez,Female,0.99,United States,0.269
188,Dr. Tiffany Spencer,Tiffany,Spencer,Female,0.992,United States,0.47
189,Audrey Davis,Audrey,Davis,Female,0.988,United States,0.729
190,William Patton,William,Patton,Male,0.99,United States,0.696
191,Frank Lewis,Frank,Lewis,Male,0.987,United States,0.518
192,Justin Henderson,Justin,Henderson,Male,0.984,United States,0.555
193,Deanna Baker,Deanna,Baker,Female,0.996,United States,0.462
194,Phillip Elliott,Phillip,Elliott,Male,0.99,United Kingdom,0.435
195,Jerome Russell,Jerome,Russell,Male,0.99,United States,0.46
196,Shannon Kelly,Shannon,Kelly,Female,0.903,United Kingdom,0.286
197,Michael Ayala,Michael,Ayala,Male,0.992,United States,0.329
198,Kristen Mclean,Kristen,Mclean,Female,0.971,United Kingdom,0.423
199,Christopher Henderson,Christopher,Henderson,Male,0.991,United States,0.555
200,David Stephenson,David,Stephenson,Male,0.991,United Kingdom,0.49
201,Nathaniel Young,Nathaniel,Young,Male,0.975,United States,0.508
202,Phillip Murphy,Phillip,Murphy,Male,0.99,Ireland,0.332
203,Susan Andrade,Susan,Andrade,Female,0.986,Brazil,0.346
204,Craig Fisher,Craig,Fisher,Male,0.996,United States,0.441
205,Eduardo Silva,Eduardo,Silva,Male,0.994,Brazil,0.608
206,Joseph Willis,Joseph,Willis,Male,0.978,United States,0.553
207,Jonathan Medina,Jonathan,Medina,Male,0.993,Colombia,0.255
208,Alexander Lutz,Alexander,Lutz,Male,0.991,United States,0.315
209,Patricia Moore,Patricia,Moore,Female,0.992,United States,0.583
210,Ronald Roberts,Ronald,Roberts,Male,0.992,United Kingdom,0.48
211,Lawrence Schmidt,Lawrence,Schmidt,Male,0.973,Germany,0.633
212,Joshua Patel,Joshua,Patel,Male,0.987,United States,0.38
213,Joseph Dorsey,Joseph,Dorsey,Male,0.978,United States,0.952
214,Dakota Martin,Dakota,Martin,Male,0.707,United States,0.265
215,Kristen Hall,Kristen,Hall,Female,0.971,United States,0.496
216,Gregory Carey,Gregory,Carey,Male,0.99,United States,0.396
217,James Neal,James,Neal,Male,0.982,United States,0.673
218,Christopher Compton,Christopher,Compton,Male,0.991,United States,0.582
219,Stephanie Montgomery,Stephanie,Montgomery,Female,0.995,United States,0.664
220,Amanda Davis,Amanda,Davis,Female,0.987,United States,0.729
221,Anthony Perez,Anthony,Perez,Male,0.99,United States,0.269
222,Lance Jones,Lance,Jones,Male,0.978,United States,0.492
223,Raymond Gregory,Raymond,Gregory,Male,0.989,United Kingdom,0.425
224,Frank Miles,Frank,Miles,Male,0.987,United States,0.451
225,Curtis Anderson,Curtis,Anderson,Male,0.988,United States,0.599
226,Samantha Wilson,Samantha,Wilson,Female,0.981,United States,0.47
227,Susan Roberts,Susan,Roberts,Female,0.986,United Kingdom,0.48
228,Leah Zimmerman,Leah,Zimmerman,Female,0.99,United States,0.749
229,Sean Carroll,Sean,Carroll,Male,0.989,United States,0.453
230,Deborah Duffy,Deborah,Duffy,Female,0.993,United Kingdom,0.421
231,Justin Johnson,Justin,Johnson,Male,0.984,United States,0.646
232,Sean Hunter,Sean,Hunter,Male,0.989,United States,0.434
233,Michael Church,Michael,Church,Male,0.992,United States,0.465
234,Tracy Stewart,Tracy,Stewart,Female,0.937,United States,0.481
235,Julia Montoya,Julia,Montoya,Female,0.989,Colombia,0.538
236,Travis Lee,Travis,Lee,Male,0.993,Malaysia,0.271
237,Bryan Schmidt,Bryan,Schmidt,Male,0.992,Germany,0.633
238,Matthew Rios,Matthew,Rios,Male,0.993,Colombia,0.274
239,Sarah Watkins,Sarah,Watkins,Female,0.988,United States,0.56
240,Catherine Wagner,Catherine,Wagner,Female,0.994,Germany,0.404
241,Andre Hodge,Andre,Hodge,Male,0.934,United States,0.605
242,Christine Jones,Christine,Jones,Female,0.994,United States,0.492
243,Alan Gonzalez,Alan,Gonzalez,Male,0.987,United States,0.275
244,Christopher Guerrero,Christopher,Guerrero,Male,0.991,Colombia,0.33
245,Paula Chandler,Paula,Chandler,Female,0.986,United States,0.588
246,Justin Walsh,Justin,Walsh,Male,0.984,Ireland,0.397
247,Amber Williams,Amber,Williams,Female,0.975,United States,0.511
248,Darrell Burton,Darrell,Burton,Male,0.986,United Kingdom,0.442
249,Breanna Garcia,Breanna,Garcia,Female,0.995,United States,0.309
250,Mr. Jordan Bailey Jr.,Jordan,Bailey,Male,0.893,United States,0.461
251,Kayla Morales,Kayla,Morales,Female,0.99,United States,0.247
252,Catherine Sanchez,Catherine,Sanchez,Female,0.994,United States,0.251
253,Betty Barrett,Betty,Barrett,Female,0.988,United States,0.377
254,Kevin Johnson MD,Kevin,Johnson,Male,0.992,United States,0.646
255,Spencer Murphy,Spencer,Murphy,Male,0.954,Ireland,0.332
256,Timothy Nichols,Timothy,Nichols,Male,0.988,United States,0.754
257,Joel Evans,Joel,Evans,Male,0.986,United Kingdom,0.526
258,Kimberly Castillo,Kimberly,Castillo,Female,0.99,United States,0.218
259,Sarah Jones,Sarah,Jones,Female,0.988,United States,0.492
260,Kevin Blackwell,Kevin,Blackwell,Male,0.992,United States,0.587
261,Mark Hickman,Mark,Hickman,Male,0.989,United States,0.537
262,Shannon Cherry,Shannon,Cherry,Female,0.903,United States,0.409
263,David Oliver,David,Oliver,Male,0.991,United States,0.31
264,Howard Sawyer,Howard,Sawyer,Male,0.987,United States,0.551
265,Jeffrey Ward,Jeffrey,Ward,Male,0.992,United Kingdom,0.45
266,Mark Wilson,Mark,Wilson,Male,0.989,United States,0.47
267,Garrett Brown,Garrett,Brown,Male,0.995,United States,0.515
268,Vincent Merritt,Vincent,Merritt,Male,0.99,United States,0.711
269,Mr. Michael Ray,Michael,Ray,Male,0.992,United States,0.29
270,Christina Garcia,Christina,Garcia,Female,0.993,United States,0.309
271,Christina Mcdowell,Christina,Mcdowell,Female,0.993,United States,0.597
272,Kevin Hart,Kevin,Hart,Male,0.992,United States,0.418
273,Denise Dixon,Denise,Dixon,Female,0.993,United States,0.441
274,Rebecca Foster,Rebecca,Foster,Female,0.993,United States,0.469
275,Jerry Jensen,Jerry,Jensen,Male,0.969,Denmark,0.565
276,Cheyenne Pacheco,Cheyenne,Pacheco,Female,0.953,Colombia,0.229
277,Cynthia Hill,Cynthia,Hill,Female,0.991,United States,0.524
278,Brian Gonzalez MD,Brian,Gonzalez,Male,0.994,United States,0.275
279,Adam Oliver,Adam,Oliver,Male,0.948,United States,0.31
280,Robert Good,Robert,Good,Male,0.992,United States,0.302
281,Anthony Hill MD,Anthony,Hill,Male,0.99,United States,0.524
282,Kimberly Matthews,Kimberly,Matthews,Female,0.99,United Kingdom,0.411
283,Gina Garcia,Gina,Garcia,Female,0.988,United States,0.309
284,Cassidy Vincent,Cassidy,Vincent,Female,0.831,France,0.382
285,Vincent Evans,Vincent,Evans,Male,0.99,United Kingdom,0.526
286,Kathy Jones,Kathy,Jones,Female,0.994,United States,0.492
287,Alicia Sosa,Alicia,Sosa,Female,0.99,United States,0.237
288,Brian Nicholson,Brian,Nicholson,Male,0.994,United Kingdom,0.513
289,Eric Jackson,Eric,Jackson,Male,0.992,United States,0.587
290,Christopher Williams,Christopher,Williams,Male,0.991,United States,0.511
291,Alicia Beck,Alicia,Beck,Female,0.99,United States,0.373
292,Joseph Davis,Joseph,Davis,Male,0.978,United States,0.729
293,Christopher Lambert,Christopher,Lambert,Male,0.991,France,0.433
294,Antonio Davidson,Antonio,Davidson,Male,0.992,United Kingdom,0.411
295,Jeremy Rogers,Jeremy,Rogers,Male,0.992,United States,0.557
296,Dustin Anderson,Dustin,Anderson,Male,0.994,United States,0.599
297,Joseph Freeman,Joseph,Freeman,Male,0.978,United States,0.559
298,Stephen Wiggins,Stephen,Wiggins,Male,0.99,United States,0.721
299,Rhonda Ray,Rhonda,Ray,Female,0.996,United States,0.29
300,Michael Franklin,Michael,Franklin,Male,0.992,United States,0.575
301,Samuel Berry,Samuel,Berry,Male,0.982,United States,0.394
302,Kayla White,Kayla,White,Female,0.99,United States,0.5
303,Jacob Salazar,Jacob,Salazar,Male,0.985,Colombia,0.272
304,Anthony Meyer,Anthony,Meyer,Male,0.99,Germany,0.292
305,Christina Horton DDS,Christina,Horton,Female,0.993,United States,0.612
306,Brian Cervantes,Brian,Cervantes,Male,0.994,Mexico,0.461
307,Kimberly Hopkins,Kimberly,Hopkins,Female,0.99,United States,0.468
308,Timothy Brown,Timothy,Brown,Male,0.988,United States,0.515
309,Kathryn Stone,Kathryn,Stone,Female,0.996,United States,0.475
310,Christopher Johnson,Christopher,Johnson,Male,0.991,United States,0.646
311,Antonio Jordan,Antonio,Jordan,Male,0.992,United States,0.503
312,Marcus Jones,Marcus,Jones,Male,0.991,United States,0.492
313,Angela Miller,Angela,Miller,Female,0.992,United States,0.681
314,Meghan Simpson,Meghan,Simpson,Female,0.992,United Kingdom,0.482
315,Paul Thompson,Paul,Thompson,Male,0.99,United States,0.489
316,David Snyder,David,Snyder,Male,0.991,United States,0.92
317,Brian Lane,Brian,Lane,Male,0.994,United States,0.503
318,Taylor Johnson,Taylor,Johnson,Female,0.607,United States,0.646
319,Susan Spencer,Susan,Spencer,Female,0.986,United States,0.47
320,Kevin Cantu,Kevin,Cantu,Male,0.992,United States,0.732
321,Mike Gonzales,Mike,Gonzales,Male,0.988,United States,0.215
322,Taylor Patel,Taylor,Patel,Female,0.607,United States,0.38
323,Claudia Calhoun,Claudia,Calhoun,Female,0.993,United States,0.952
324,Valerie Torres,Valerie,Torres,Female,0.991,Colombia,0.274
325,Gary Shelton,Gary,Shelton,Male,0.991,United States,0.772
326,Emily Watson,Emily,Watson,Female,0.991,United Kingdom,0.453
327,Stephen Mcclain,Stephen,Mcclain,Male,0.99,United States,0.955
328,Michael Anderson,Michael,Anderson,Male,0.992,United States,0.599
329,Mr. Tanner Ortega,Tanner,Ortega,Male,0.975,Colombia,0.264
330,Sean Harris,Sean,Harris,Male,0.989,United States,0.583
331,Beth Carney,Beth,Carney,Female,0.992,United States,0.496
332,Erica Gibson,Erica,Gibson,Female,0.991,United States,0.436
333,Donna Williams,Donna,Williams,Female,0.992,United States,0.511
334,Stephen Stout,Stephen,Stout,Male,0.99,United States,0.627
335,Linda Maddox,Linda,Maddox,Female,0.968,United States,0.776
336,Carl Rogers,Carl,Rogers,Male,0.982,United States,0.557
337,Amanda Carlson,Amanda,Carlson,Female,0.987,United States,0.825
338,Duane Collins,Duane,Collins,Male,0.981,United States,0.41
339,Jorge Melton,Jorge,Melton,Male,0.993,United States,0.834
340,Natalie Copeland,Natalie,Copeland,Female,0.995,United States,0.647
341,Adam Franklin,Adam,Franklin,Male,0.948,United States,0.575
342,Margaret Monroe,Margaret,Monroe,Female,0.993,United States,0.791
343,Scott Hardy,Scott,Hardy,Male,0.993,United States,0.35
344,Hailey Smith,Hailey,Smith,Female,0.984,United States,0.465
345,Dr. Amy Wilson,Amy,Wilson,Female,0.97,United States,0.47
346,Jacqueline Chan,Jacqueline,Chan,Female,0.994,Hong Kong,0.616
347,Logan Tran,Logan,Tran,Male,0.922,United States,0.491
348,Shannon Lewis,Shannon,Lewis,Female,0.903,United States,0.518
349,Charles Brown,Charles,Brown,Male,0.984,United States,0.515
350,Amanda Martin,Amanda,Martin,Female,0.987,United States,0.265
351,Elizabeth Brown,Elizabeth,Brown,Female,0.991,United States,0.515
352,Justin Yang,Justin,Yang,Male,0.984,United States,0.191
353,Lauren Salinas,Lauren,Salinas,Female,0.985,United States,0.293
354,Tara Castro,Tara,Castro,Female,0.864,Colombia,0.31
355,Troy Sanchez,Troy,Sanchez,Male,0.982,United States,0.251
356,Allen Walls,Allen,Walls,Male,0.944,United States,0.619
357,Eugene Marquez,Eugene,Marquez,Male,0.962,United States,0.295
358,Austin Wilkinson,Austin,Wilkinson,Male,0.981,United Kingdom,0.693
359,Sean Smith,Sean,Smith,Male,0.989,United States,0.465
360,David Jones,David,Jones,Male,0.991,United States,0.492
361,Joel Adkins,Joel,Adkins,Male,0.986,United States,0.777
362,Jason Valencia,Jason,Valencia,Male,0.992,Colombia,0.555
363,Susan Kelley,Susan,Kelley,Female,0.986,United States,0.919
364,John Barnett,John,Barnett,Male,0.981,United States,0.515
365,Victoria Campbell,Victoria,Campbell,Female,0.989,United States,0.436
366,Gail Sheppard,Gail,Sheppard,Female,0.985,United Kingdom,0.486
367,Stephanie Ford DVM,Stephanie,Ford,Female,0.995,United States,0.529
368,Kathryn Henry,Kathryn,Henry,Female,0.996,United States,0.3
369,Marissa Franco,Marissa,Franco,Female,0.992,Colombia,0.277
370,Tara Evans,Tara,Evans,Female,0.864,United Kingdom,0.526
371,Jonathan Rogers,Jonathan,Rogers,Male,0.993,United States,0.557
372,Richard Guzman,Richard,Guzman,Male,0.992,United States,0.309
373,Christopher Jensen,Christopher,Jensen,Male,0.991,Denmark,0.565
374,Theresa Jordan,Theresa,Jordan,Female,0.993,United States,0.503
375,Carlos Hayden,Carlos,Hayden,Male,0.992,United States,0.463
376,Gary Willis,Gary,Willis,Male,0.991,United States,0.553
377,Devon Ochoa,Devon,Ochoa,Male,0.803,United States,0.291
378,Erica Hernandez,Erica,Hernandez,Female,0.991,Mexico,0.361
379,Laura Beck,Laura,Beck,Female,0.993,United States,0.373
380,Michael Keller,Michael,Keller,Male,0.992,United States,0.353
381,Kayla Martinez,Kayla,Martinez,Female,0.99,United States,0.304
382,Richard Sawyer,Richard,Sawyer,Male,0.992,United States,0.551
383,Adam Bond,Adam,Bond,Male,0.948,United Kingdom,0.386
384,Tracy Mitchell,Tracy,Mitchell,Female,0.937,United States,0.509
385,Paula Rich,Paula,Rich,Female,0.986,United States,0.454
386,Taylor Lee,Taylor,Lee,Female,0.607,Malaysia,0.271
387,Cheyenne Cline,Cheyenne,Cline,Female,0.953,United States,0.909
388,Charles Simon,Charles,Simon,Male,0.984,France,0.348
389,Mr. Manuel Palmer Jr.,Manuel,Palmer,Male,0.992,United States,0.406
390,Phillip Nelson,Phillip,Nelson,Male,0.99,United States,0.594
391,Valerie Brown,Valerie,Brown,Female,0.991,United States,0.515
392,Angel Martinez,Angel,Martinez,Male,0.806,United States,0.304
393,Alexandria Thomas,Alexandria,Thomas,Female,0.969,United States,0.391
394,Michael Gonzalez,Michael,Gonzalez,Male,0.992,United States,0.275
395,Kathryn Robinson DDS,Kathryn,Robinson,Female,0.996,United States,0.496
396,Jeremy Mcmillan,Jeremy,Mcmillan,Male,0.992,United Kingdom,0.471
397,Jamie Cruz,Jamie,Cruz,Male,0.671,United States,0.332
398,Mrs. Erin Wiley DDS,Erin,Wiley,Female,0.958,United States,0.855
399,Joseph Perez,Joseph,Perez,Male,0.978,United States,0.269
400,Jay Hall,Jay,Hall,Male,0.904,United States,0.496
401,Brandon Stanley,Brandon,Stanley,Male,0.993,United States,0.302
402,Bobby Snyder,Bobby,Snyder,Male,0.953,United States,0.92
403,Rachel Riley,Rachel,Riley,Female,0.992,United States,0.508
404,Linda Moore,Linda,Moore,Female,0.968,United States,0.583
405,Jesse French,Jesse,French,Male,0.929,United Kingdom,0.454
406,Joshua Smith,Joshua,Smith,Male,0.987,United States,0.465
407,Jose Bush,Jose,Bush,Male,0.981,United States,0.616
408,Tyler Manning,Tyler,Manning,Male,0.957,United States,0.507
409,Samantha Guzman,Samantha,Guzman,Female,0.981,United States,0.309
410,Daryl Fleming,Daryl,Fleming,Male,0.928,United States,0.438
411,Steven Black,Steven,Black,Male,0.992,United States,0.416
412,Cheryl Randall,Cheryl,Randall,Female,0.994,United States,0.468
413,Timothy Spencer,Timothy,Spencer,Male,0.988,United States,0.47
414,Donna Hill,Donna,Hill,Female,0.992,United States,0.524
415,Alexandra Hanson,Alexandra,Hanson,Female,0.99,United States,0.586
416,Ronald Harris,Ronald,Harris,Male,0.992,United States,0.583
417,Raymond Frazier,Raymond,Frazier,Male,0.989,United States,0.955
418,Catherine Maxwell,Catherine,Maxwell,Female,0.994,United States,0.345
419,Jason West,Jason,West,Male,0.992,United States,0.469
420,Amy Simon,Amy,Simon,Female,0.97,France,0.348
421,Mark Case,Mark,Case,Male,0.989,United States,0.56
422,Michael Smith,Michael,Smith,Male,0.992,United States,0.465
423,Jeanette Brown,Jeanette,Brown,Female,0.994,United States,0.515
424,David Soto,David,Soto,Male,0.991,United States,0.234
425,Philip Mccarthy,Philip,Mccarthy,Male,0.988,Ireland,0.301
426,Stephen Castillo,Stephen,Castillo,Male,0.99,United States,0.218
427,Frank Jones,Frank,Jones,Male,0.987,United States,0.492
428,Alexandra Robinson,Alexandra,Robinson,Female,0.99,United States,0.496
429,Steven Johnson,Steven,Johnson,Male,0.992,United States,0.646
430,Christopher Watson,Christopher,Watson,Male,0.991,United Kingdom,0.453
431,Valerie Bishop,Valerie,Bishop,Female,0.991,United States,0.461
432,Rachel Osborn,Rachel,Osborn,Female,0.992,United States,0.583
433,Eddie Payne,Eddie,Payne,Male,0.984,United States,0.478
434,Neil Wright,Neil,Wright,Male,0.992,United States,0.458
435,Christopher Freeman,Christopher,Freeman,Male,0.991,United States,0.559
436,Tracy Moore,Tracy,Moore,Female,0.937,United States,0.583
437,Andrew Campbell,Andrew,Campbell,Male,0.991,United States,0.436
438,Peter Green,Peter,Green,Male,0.988,United States,0.468
439,Phillip Burns,Phillip,Burns,Male,0.99,United States,0.46
440,Glenn Ray,Glenn,Ray,Male,0.98,United States,0.29
441,Edward Willis,Edward,Willis,Male,0.988,United States,0.553
442,Samantha Sparks,Samantha,Sparks,Female,0.981,United States,0.635
443,Amy Booth,Amy,Booth,Female,0.97,United Kingdom,0.626
444,Jason Travis,Jason,Travis,Male,0.992,United States,0.623
445,Matthew Simmons,Matthew,Simmons,Male,0.993,United States,0.72
446,Sara Coleman,Sara,Coleman,Female,0.973,United States,0.63
447,Jason Hicks,Jason,Hicks,Male,0.992,United States,0.693
448,Lauren Moore,Lauren,Moore,Female,0.985,United States,0.583
449,Kathleen Reyes,Kathleen,Reyes,Female,0.996,United States,0.325
450,Erika Johnson,Erika,Johnson,Female,0.992,United States,0.646
451,Jessica Ellis,Jessica,Ellis,Female,0.992,United States,0.417
452,Brandy Wright,Brandy,Wright,Female,0.882,United States,0.458
453,Albert Dixon,Albert,Dixon,Male,0.984,United States,0.441
454,William Taylor,William,Taylor,Male,0.99,United Kingdom,0.446
455,Robert Davis,Robert,Davis,Male,0.992,United States,0.729
456,David Gross,David,Gross,Male,0.991,United States,0.462
457,Kevin Kelley,Kevin,Kelley,Male,0.992,United States,0.919
458,Jeremy Davidson,Jeremy,Davidson,Male,0.992,United Kingdom,0.411
459,Gregory Kelly,Gregory,Kelly,Male,0.99,United Kingdom,0.286
460,Stacey Fischer,Stacey,Fischer,Female,0.957,Germany,0.52
461,Melinda Ford,Melinda,Ford,Female,0.991,United States,0.529
462,Michael Stevens,Michael,Stevens,Male,0.992,United States,0.369
463,Timothy Price,Timothy,Price,Male,0.988,United Kingdom,0.471
464,Jodi Butler,Jodi,Butler,Female,0.923,United States,0.498
465,Anna Edwards,Anna,Edwards,Female,0.99,United Kingdom,0.439
466,Joseph Adkins,Joseph,Adkins,Male,0.978,United States,0.777
467,Christopher Mitchell,Christopher,Mitchell,Male,0.991,United States,0.509
468,Kenneth Martin,Kenneth,Martin,Male,0.988,United States,0.265
469,Robin Schmidt,Robin,Schmidt,Male,0.776,Germany,0.633
470,Julie Ryan,Julie,Ryan,Female,0.991,Ireland,0.325
471,Jose Scott,Jose,Scott,Male,0.981,United States,0.478
472,Lucas Thompson,Lucas,Thompson,Male,0.987,United States,0.489
473,Angela Gonzalez,Angela,Gonzalez,Female,0.992,United States,0.275
474,David Carter,David,Carter,Male,0.991,United States,0.554
475,Susan Byrd,Susan,Byrd,Female,0.986,United States,0.941
476,Jason Reed,Jason,Reed,Male,0.992,United States,0.665
477,Dale Pitts,Dale,Pitts,Male,0.902,United States,0.777
478,Danielle Martin,Danielle,Martin,Female,0.99,United States,0.265
479,Valerie Smith,Valerie,Smith,Female,0.991,United States,0.465
480,Kelsey Vaughn,Kelsey,Vaughn,Female,0.961,United States,0.953
481,Jasmine Silva,Jasmine,Silva,Female,0.984,Brazil,0.608
482,Kathryn Welch,Kathryn,Welch,Female,0.996,United States,0.637
483,Jamie Smith,Jamie,Smith,Male,0.671,United States,0.465
484,Caroline Wilson,Caroline,Wilson,Female,0.993,United States,0.47
485,Patricia Jones,Patricia,Jones,Female,0.992,United States,0.492
486,Michael Taylor,Michael,Taylor,Male,0.992,United Kingdom,0.446
487,Robert Page,Robert,Page,Male,0.992,United Kingdom,0.397
488,Jennifer Allen,Jennifer,Allen,Female,0.993,United States,0.564
489,Zachary Jones,Zachary,Jones,Male,0.99,United States,0.492
490,James Powers,James,Powers,Male,0.982,United States,0.826
491,Brendan Gibson,Brendan,Gibson,Male,0.993,United States,0.436
492,Henry Lambert,Henry,Lambert,Male,0.989,France,0.433
493,Samuel Duke,Samuel,Duke,Male,0.982,United States,0.405
494,Jeffrey Jones,Jeffrey,Jones,Male,0.992,United States,0.492
495,Alexis Palmer,Alexis,Palmer,Male,0.859,United States,0.406
496,William Martinez,William,Martinez,Male,0.99,United States,0.304
497,Melissa Martinez,Melissa,Martinez,Female,0.992,United States,0.304
498,Steven Griffith,Steven,Griffith,Male,0.992,United States,0.691
499,Shannon Tucker,Shannon,Tucker,Female,0.903,United States,0.657
